crs,pair,allele
776_FWD_CDC16_rs483180_C__LD_rs1886736_rs55899400_rs3838425_AACC,1,A
800_FWD_CDC16_rs483180_G__LD_rs1886736_rs55899400_rs3838425_AACC,1,B
777_FWD_CDC16_rs483180_C__LD_rs1886736_rs55899400_rs3838425_AAdelC,2,A
801_FWD_CDC16_rs483180_G__LD_rs1886736_rs55899400_rs3838425_AAdelC,2,B
778_FWD_CDC16_rs483180_C__LD_rs1886736_rs55899400_rs3838425_AAdelCC,3,A
802_FWD_CDC16_rs483180_G__LD_rs1886736_rs55899400_rs3838425_AAdelCC,3,B
779_FWD_CDC16_rs483180_C__LD_rs1886736_rs55899400_rs3838425_AGCC,4,A
803_FWD_CDC16_rs483180_G__LD_rs1886736_rs55899400_rs3838425_AGCC,4,B
780_FWD_CDC16_rs483180_C__LD_rs1886736_rs55899400_rs3838425_AGdelC,5,A
804_FWD_CDC16_rs483180_G__LD_rs1886736_rs55899400_rs3838425_AGdelC,5,B
781_FWD_CDC16_rs483180_C__LD_rs1886736_rs55899400_rs3838425_AGdelCC,6,A
805_FWD_CDC16_rs483180_G__LD_rs1886736_rs55899400_rs3838425_AGdelCC,6,B
782_FWD_CDC16_rs483180_C__LD_rs1886736_rs55899400_rs3838425_CACC,7,A
806_FWD_CDC16_rs483180_G__LD_rs1886736_rs55899400_rs3838425_CACC,7,B
783_FWD_CDC16_rs483180_C__LD_rs1886736_rs55899400_rs3838425_CAdelC,8,A
807_FWD_CDC16_rs483180_G__LD_rs1886736_rs55899400_rs3838425_CAdelC,8,B
784_FWD_CDC16_rs483180_C__LD_rs1886736_rs55899400_rs3838425_CAdelCC,9,A
808_FWD_CDC16_rs483180_G__LD_rs1886736_rs55899400_rs3838425_CAdelCC,9,B
785_FWD_CDC16_rs483180_C__LD_rs1886736_rs55899400_rs3838425_CGCC,10,A
809_FWD_CDC16_rs483180_G__LD_rs1886736_rs55899400_rs3838425_CGCC,10,B
786_FWD_CDC16_rs483180_C__LD_rs1886736_rs55899400_rs3838425_CGdelC,11,A
810_FWD_CDC16_rs483180_G__LD_rs1886736_rs55899400_rs3838425_CGdelC,11,B
787_FWD_CDC16_rs483180_C__LD_rs1886736_rs55899400_rs3838425_CGdelCC,12,A
811_FWD_CDC16_rs483180_G__LD_rs1886736_rs55899400_rs3838425_CGdelCC,12,B
788_FWD_CDC16_rs483180_C__LD_rs1886736_rs55899400_rs3838425_GACC,13,A
812_FWD_CDC16_rs483180_G__LD_rs1886736_rs55899400_rs3838425_GACC,13,B
789_FWD_CDC16_rs483180_C__LD_rs1886736_rs55899400_rs3838425_GAdelC,14,A
813_FWD_CDC16_rs483180_G__LD_rs1886736_rs55899400_rs3838425_GAdelC,14,B
790_FWD_CDC16_rs483180_C__LD_rs1886736_rs55899400_rs3838425_GAdelCC,15,A
814_FWD_CDC16_rs483180_G__LD_rs1886736_rs55899400_rs3838425_GAdelCC,15,B
791_FWD_CDC16_rs483180_C__LD_rs1886736_rs55899400_rs3838425_GGCC,16,A
815_FWD_CDC16_rs483180_G__LD_rs1886736_rs55899400_rs3838425_GGCC,16,B
792_FWD_CDC16_rs483180_C__LD_rs1886736_rs55899400_rs3838425_GGdelC,17,A
816_FWD_CDC16_rs483180_G__LD_rs1886736_rs55899400_rs3838425_GGdelC,17,B
793_FWD_CDC16_rs483180_C__LD_rs1886736_rs55899400_rs3838425_GGdelCC,18,A
817_FWD_CDC16_rs483180_G__LD_rs1886736_rs55899400_rs3838425_GGdelCC,18,B
794_FWD_CDC16_rs483180_C__LD_rs1886736_rs55899400_rs3838425_TACC,19,A
818_FWD_CDC16_rs483180_G__LD_rs1886736_rs55899400_rs3838425_TACC,19,B
795_FWD_CDC16_rs483180_C__LD_rs1886736_rs55899400_rs3838425_TAdelC,20,A
819_FWD_CDC16_rs483180_G__LD_rs1886736_rs55899400_rs3838425_TAdelC,20,B
796_FWD_CDC16_rs483180_C__LD_rs1886736_rs55899400_rs3838425_TAdelCC,21,A
820_FWD_CDC16_rs483180_G__LD_rs1886736_rs55899400_rs3838425_TAdelCC,21,B
797_FWD_CDC16_rs483180_C__LD_rs1886736_rs55899400_rs3838425_TGCC,22,A
821_FWD_CDC16_rs483180_G__LD_rs1886736_rs55899400_rs3838425_TGCC,22,B
798_FWD_CDC16_rs483180_C__LD_rs1886736_rs55899400_rs3838425_TGdelC,23,A
822_FWD_CDC16_rs483180_G__LD_rs1886736_rs55899400_rs3838425_TGdelC,23,B
799_FWD_CDC16_rs483180_C__LD_rs1886736_rs55899400_rs3838425_TGdelCC,24,A
823_FWD_CDC16_rs483180_G__LD_rs1886736_rs55899400_rs3838425_TGdelCC,24,B
851_FWD_CYP24A1_rs2248137_C__LD_rs116934993_rs147266516_rs35792925_ACA,25,A
863_FWD_CYP24A1_rs2248137_G__LD_rs116934993_rs147266516_rs35792925_ACA,25,B
852_FWD_CYP24A1_rs2248137_C__LD_rs116934993_rs147266516_rs35792925_ACG,26,A
864_FWD_CYP24A1_rs2248137_G__LD_rs116934993_rs147266516_rs35792925_ACG,26,B
853_FWD_CYP24A1_rs2248137_C__LD_rs116934993_rs147266516_rs35792925_ACT,27,A
865_FWD_CYP24A1_rs2248137_G__LD_rs116934993_rs147266516_rs35792925_ACT,27,B
854_FWD_CYP24A1_rs2248137_C__LD_rs116934993_rs147266516_rs35792925_ATA,28,A
866_FWD_CYP24A1_rs2248137_G__LD_rs116934993_rs147266516_rs35792925_ATA,28,B
855_FWD_CYP24A1_rs2248137_C__LD_rs116934993_rs147266516_rs35792925_ATG,29,A
867_FWD_CYP24A1_rs2248137_G__LD_rs116934993_rs147266516_rs35792925_ATG,29,B
856_FWD_CYP24A1_rs2248137_C__LD_rs116934993_rs147266516_rs35792925_ATT,30,A
868_FWD_CYP24A1_rs2248137_G__LD_rs116934993_rs147266516_rs35792925_ATT,30,B
857_FWD_CYP24A1_rs2248137_C__LD_rs116934993_rs147266516_rs35792925_CCA,31,A
869_FWD_CYP24A1_rs2248137_G__LD_rs116934993_rs147266516_rs35792925_CCA,31,B
858_FWD_CYP24A1_rs2248137_C__LD_rs116934993_rs147266516_rs35792925_CCG,32,A
870_FWD_CYP24A1_rs2248137_G__LD_rs116934993_rs147266516_rs35792925_CCG,32,B
859_FWD_CYP24A1_rs2248137_C__LD_rs116934993_rs147266516_rs35792925_CCT,33,A
871_FWD_CYP24A1_rs2248137_G__LD_rs116934993_rs147266516_rs35792925_CCT,33,B
860_FWD_CYP24A1_rs2248137_C__LD_rs116934993_rs147266516_rs35792925_CTA,34,A
872_FWD_CYP24A1_rs2248137_G__LD_rs116934993_rs147266516_rs35792925_CTA,34,B
861_FWD_CYP24A1_rs2248137_C__LD_rs116934993_rs147266516_rs35792925_CTG,35,A
873_FWD_CYP24A1_rs2248137_G__LD_rs116934993_rs147266516_rs35792925_CTG,35,B
862_FWD_CYP24A1_rs2248137_C__LD_rs116934993_rs147266516_rs35792925_CTT,36,A
874_FWD_CYP24A1_rs2248137_G__LD_rs116934993_rs147266516_rs35792925_CTT,36,B
887_FWD_DIPK1A_rs1415069_C__LD_rs116489989_G,37,A
891_FWD_DIPK1A_rs1415069_G__LD_rs116489989_G,37,B
888_FWD_DIPK1A_rs1415069_C__LD_rs116489989_T,38,A
892_FWD_DIPK1A_rs1415069_G__LD_rs116489989_T,38,B
889_FWD_DIPK1A_rs1415069_C__insAC__LD_rs116489989_G,39,A
893_FWD_DIPK1A_rs1415069_G__insAC__LD_rs116489989_G,39,B
890_FWD_DIPK1A_rs1415069_C__insAC__LD_rs116489989_T,40,A
894_FWD_DIPK1A_rs1415069_G__insAC__LD_rs116489989_T,40,B
1102_REV_CDC16_rs483180_C__LD_rs1886736_rs55899400_rs3838425_AACC,41,A
1126_REV_CDC16_rs483180_G__LD_rs1886736_rs55899400_rs3838425_AACC,41,B
1103_REV_CDC16_rs483180_C__LD_rs1886736_rs55899400_rs3838425_AAdelC,42,A
1127_REV_CDC16_rs483180_G__LD_rs1886736_rs55899400_rs3838425_AAdelC,42,B
1104_REV_CDC16_rs483180_C__LD_rs1886736_rs55899400_rs3838425_AAdelCC,43,A
1128_REV_CDC16_rs483180_G__LD_rs1886736_rs55899400_rs3838425_AAdelCC,43,B
1105_REV_CDC16_rs483180_C__LD_rs1886736_rs55899400_rs3838425_AGCC,44,A
1129_REV_CDC16_rs483180_G__LD_rs1886736_rs55899400_rs3838425_AGCC,44,B
1106_REV_CDC16_rs483180_C__LD_rs1886736_rs55899400_rs3838425_AGdelC,45,A
1130_REV_CDC16_rs483180_G__LD_rs1886736_rs55899400_rs3838425_AGdelC,45,B
1107_REV_CDC16_rs483180_C__LD_rs1886736_rs55899400_rs3838425_AGdelCC,46,A
1131_REV_CDC16_rs483180_G__LD_rs1886736_rs55899400_rs3838425_AGdelCC,46,B
1108_REV_CDC16_rs483180_C__LD_rs1886736_rs55899400_rs3838425_CACC,47,A
1132_REV_CDC16_rs483180_G__LD_rs1886736_rs55899400_rs3838425_CACC,47,B
1109_REV_CDC16_rs483180_C__LD_rs1886736_rs55899400_rs3838425_CAdelC,48,A
1133_REV_CDC16_rs483180_G__LD_rs1886736_rs55899400_rs3838425_CAdelC,48,B
1110_REV_CDC16_rs483180_C__LD_rs1886736_rs55899400_rs3838425_CAdelCC,49,A
1134_REV_CDC16_rs483180_G__LD_rs1886736_rs55899400_rs3838425_CAdelCC,49,B
1111_REV_CDC16_rs483180_C__LD_rs1886736_rs55899400_rs3838425_CGCC,50,A
1135_REV_CDC16_rs483180_G__LD_rs1886736_rs55899400_rs3838425_CGCC,50,B
1112_REV_CDC16_rs483180_C__LD_rs1886736_rs55899400_rs3838425_CGdelC,51,A
1136_REV_CDC16_rs483180_G__LD_rs1886736_rs55899400_rs3838425_CGdelC,51,B
1113_REV_CDC16_rs483180_C__LD_rs1886736_rs55899400_rs3838425_CGdelCC,52,A
1137_REV_CDC16_rs483180_G__LD_rs1886736_rs55899400_rs3838425_CGdelCC,52,B
1114_REV_CDC16_rs483180_C__LD_rs1886736_rs55899400_rs3838425_GACC,53,A
1138_REV_CDC16_rs483180_G__LD_rs1886736_rs55899400_rs3838425_GACC,53,B
1115_REV_CDC16_rs483180_C__LD_rs1886736_rs55899400_rs3838425_GAdelC,54,A
1139_REV_CDC16_rs483180_G__LD_rs1886736_rs55899400_rs3838425_GAdelC,54,B
1116_REV_CDC16_rs483180_C__LD_rs1886736_rs55899400_rs3838425_GAdelCC,55,A
1140_REV_CDC16_rs483180_G__LD_rs1886736_rs55899400_rs3838425_GAdelCC,55,B
1117_REV_CDC16_rs483180_C__LD_rs1886736_rs55899400_rs3838425_GGCC,56,A
1141_REV_CDC16_rs483180_G__LD_rs1886736_rs55899400_rs3838425_GGCC,56,B
1118_REV_CDC16_rs483180_C__LD_rs1886736_rs55899400_rs3838425_GGdelC,57,A
1142_REV_CDC16_rs483180_G__LD_rs1886736_rs55899400_rs3838425_GGdelC,57,B
1119_REV_CDC16_rs483180_C__LD_rs1886736_rs55899400_rs3838425_GGdelCC,58,A
1143_REV_CDC16_rs483180_G__LD_rs1886736_rs55899400_rs3838425_GGdelCC,58,B
1120_REV_CDC16_rs483180_C__LD_rs1886736_rs55899400_rs3838425_TACC,59,A
1144_REV_CDC16_rs483180_G__LD_rs1886736_rs55899400_rs3838425_TACC,59,B
1121_REV_CDC16_rs483180_C__LD_rs1886736_rs55899400_rs3838425_TAdelC,60,A
1145_REV_CDC16_rs483180_G__LD_rs1886736_rs55899400_rs3838425_TAdelC,60,B
1122_REV_CDC16_rs483180_C__LD_rs1886736_rs55899400_rs3838425_TAdelCC,61,A
1146_REV_CDC16_rs483180_G__LD_rs1886736_rs55899400_rs3838425_TAdelCC,61,B
1123_REV_CDC16_rs483180_C__LD_rs1886736_rs55899400_rs3838425_TGCC,62,A
1147_REV_CDC16_rs483180_G__LD_rs1886736_rs55899400_rs3838425_TGCC,62,B
1124_REV_CDC16_rs483180_C__LD_rs1886736_rs55899400_rs3838425_TGdelC,63,A
1148_REV_CDC16_rs483180_G__LD_rs1886736_rs55899400_rs3838425_TGdelC,63,B
1125_REV_CDC16_rs483180_C__LD_rs1886736_rs55899400_rs3838425_TGdelCC,64,A
1149_REV_CDC16_rs483180_G__LD_rs1886736_rs55899400_rs3838425_TGdelCC,64,B
1177_REV_CYP24A1_rs2248137_C__LD_rs116934993_rs147266516_rs35792925_ACA,65,A
1189_REV_CYP24A1_rs2248137_G__LD_rs116934993_rs147266516_rs35792925_ACA,65,B
1178_REV_CYP24A1_rs2248137_C__LD_rs116934993_rs147266516_rs35792925_ACG,66,A
1190_REV_CYP24A1_rs2248137_G__LD_rs116934993_rs147266516_rs35792925_ACG,66,B
1179_REV_CYP24A1_rs2248137_C__LD_rs116934993_rs147266516_rs35792925_ACT,67,A
1191_REV_CYP24A1_rs2248137_G__LD_rs116934993_rs147266516_rs35792925_ACT,67,B
1180_REV_CYP24A1_rs2248137_C__LD_rs116934993_rs147266516_rs35792925_ATA,68,A
1192_REV_CYP24A1_rs2248137_G__LD_rs116934993_rs147266516_rs35792925_ATA,68,B
1181_REV_CYP24A1_rs2248137_C__LD_rs116934993_rs147266516_rs35792925_ATG,69,A
1193_REV_CYP24A1_rs2248137_G__LD_rs116934993_rs147266516_rs35792925_ATG,69,B
1182_REV_CYP24A1_rs2248137_C__LD_rs116934993_rs147266516_rs35792925_ATT,70,A
1194_REV_CYP24A1_rs2248137_G__LD_rs116934993_rs147266516_rs35792925_ATT,70,B
1183_REV_CYP24A1_rs2248137_C__LD_rs116934993_rs147266516_rs35792925_CCA,71,A
1195_REV_CYP24A1_rs2248137_G__LD_rs116934993_rs147266516_rs35792925_CCA,71,B
1184_REV_CYP24A1_rs2248137_C__LD_rs116934993_rs147266516_rs35792925_CCG,72,A
1196_REV_CYP24A1_rs2248137_G__LD_rs116934993_rs147266516_rs35792925_CCG,72,B
1185_REV_CYP24A1_rs2248137_C__LD_rs116934993_rs147266516_rs35792925_CCT,73,A
1197_REV_CYP24A1_rs2248137_G__LD_rs116934993_rs147266516_rs35792925_CCT,73,B
1186_REV_CYP24A1_rs2248137_C__LD_rs116934993_rs147266516_rs35792925_CTA,74,A
1198_REV_CYP24A1_rs2248137_G__LD_rs116934993_rs147266516_rs35792925_CTA,74,B
1187_REV_CYP24A1_rs2248137_C__LD_rs116934993_rs147266516_rs35792925_CTG,75,A
1199_REV_CYP24A1_rs2248137_G__LD_rs116934993_rs147266516_rs35792925_CTG,75,B
1188_REV_CYP24A1_rs2248137_C__LD_rs116934993_rs147266516_rs35792925_CTT,76,A
1200_REV_CYP24A1_rs2248137_G__LD_rs116934993_rs147266516_rs35792925_CTT,76,B
1213_REV_DIPK1A_rs1415069_C__LD_rs116489989_G,77,A
1217_REV_DIPK1A_rs1415069_G__LD_rs116489989_G,77,B
1214_REV_DIPK1A_rs1415069_C__LD_rs116489989_T,78,A
1218_REV_DIPK1A_rs1415069_G__LD_rs116489989_T,78,B
1215_REV_DIPK1A_rs1415069_C__insAC__LD_rs116489989_G,79,A
1219_REV_DIPK1A_rs1415069_G__insAC__LD_rs116489989_G,79,B
1216_REV_DIPK1A_rs1415069_C__insAC__LD_rs116489989_T,80,A
1220_REV_DIPK1A_rs1415069_G__insAC__LD_rs116489989_T,80,B
300_FWD_rs662602_C,81,A
264_FWD_rs662602_G,81,B
731_REV_rs532303_A,82,A
641_REV_rs532303_G,82,B
733_REV_rs663807_A,83,A
648_REV_rs663807_G,83,B
680_REV_rs839618_C,84,A
713_REV_rs839618_T,84,B
717_REV_rs839619_C,85,A
649_REV_rs839619_T,85,B
307_FWD_rs6668589_C,86,A
271_FWD_rs6668589_T,86,B
303_FWD_rs523395_C,87,A
267_FWD_rs523395_T,87,B
682_REV_rs3828090_A,88,A
646_REV_rs3828090_G,88,B
645_REV_rs512854_A,89,A
681_REV_rs512854_G,89,B
310_FWD_rs11589332_C,90,A
274_FWD_rs11589332_T,90,B
164_FWD_rs12747275_A,91,A
73_FWD_rs12747275_G,91,B
69_FWD_rs945630_G,92,A
160_FWD_rs945630_T,92,B
161_FWD_rs945631_A,93,A
70_FWD_rs945631_G,93,B
535_REV_rs6681429_A,94,A
444_REV_rs6681429_C,94,B
71_FWD_rs6681345_C,95,A
223_FWD_rs6681345_T,95,B
448_REV_rs6681240_C,96,A
539_REV_rs6681240_G,96,B
